{
  "main": {
    "id": "2a73dd21357a1fbd",
    "type": "split",
    "children": [
      {
        "id": "e99f171d48af64e6",
        "type": "tabs",
        "children": [
          {
            "id": "c413ab5fcb7433bd",
            "type": "leaf",
            "state": {
              "type": "markdown",
              "state": {
                "file": "필기노트/졸려.md",
                "mode": "source",
                "source": false
              }
            }
          },
          {
            "id": "687bf4792b5882cd",
            "type": "leaf",
            "state": {
              "type": "markdown",
              "state": {
                "file": "SSAFY/Algorithm/재귀.md",
                "mode": "source",
                "source": false
              }
            }
          },
          {
            "id": "9b98ca8e7df13173",
            "type": "leaf",
            "state": {
              "type": "markdown",
              "state": {
                "file": "SSAFY/Front/시험.md",
                "mode": "source",
                "source": false
              }
            }
          }
        ],
        "currentTab": 2
      }
    ],
    "direction": "vertical"
  },
  "left": {
    "id": "d8b72a003ec3005c",
    "type": "split",
    "children": [
      {
        "id": "3167e9e876fb7819",
        "type": "tabs",
        "children": [
          {
            "id": "3bfd8573c6f99937",
            "type": "leaf",
            "state": {
              "type": "file-explorer",
              "state": {
                "sortOrder": "alphabetical"
              }
            }
          },
          {
            "id": "ce454bb4a30c4799",
            "type": "leaf",
            "state": {
              "type": "search",
              "state": {
                "query": "",
                "matchingCase": false,
                "explainSearch": false,
                "collapseAll": false,
                "extraContext": false,
                "sortOrder": "alphabetical"
              }
            }
          },
          {
            "id": "a1e664f189c25507",
            "type": "leaf",
            "state": {
              "type": "bookmarks",
              "state": {}
            }
          },
          {
            "id": "c5a91a3e35466675",
            "type": "leaf",
            "state": {
              "type": "mk-file-view",
              "state": {}
            }
          }
        ]
      }
    ],
    "direction": "horizontal",
    "width": 299.5
  },
  "right": {
    "id": "1fab18646f889eb6",
    "type": "split",
    "children": [
      {
        "id": "dc81e5c625ee6a3e",
        "type": "tabs",
        "children": [
          {
            "id": "8791ad343461ec0e",
            "type": "leaf",
            "state": {
              "type": "backlink",
              "state": {
                "file": "SSAFY/Front/시험.md",
                "collapseAll": false,
                "extraContext": false,
                "sortOrder": "alphabetical",
                "showSearch": false,
                "searchQuery": "",
                "backlinkCollapsed": false,
                "unlinkedCollapsed": true
              }
            }
          },
          {
            "id": "2b5ba8aeecc1fb43",
            "type": "leaf",
            "state": {
              "type": "outgoing-link",
              "state": {
                "file": "SSAFY/Front/시험.md",
                "linksCollapsed": false,
                "unlinkedCollapsed": true
              }
            }
          },
          {
            "id": "e34a851ecb58f4cb",
            "type": "leaf",
            "state": {
              "type": "tag",
              "state": {
                "sortOrder": "frequency",
                "useHierarchy": true
              }
            }
          },
          {
            "id": "1f5fec205e8c166f",
            "type": "leaf",
            "state": {
              "type": "outline",
              "state": {
                "file": "SSAFY/Front/시험.md"
              }
            }
          }
        ]
      }
    ],
    "direction": "horizontal",
    "width": 300,
    "collapsed": true
  },
  "left-ribbon": {
    "hiddenItems": {
      "switcher:퀵 스위처 열기": false,
      "graph:그래프 뷰 열기": false,
      "canvas:새 캔버스 만들기": false,
      "daily-notes:오늘의 데일리 노트 열기": false,
      "templates:템플릿 삽입": false,
      "command-palette:명령어 팔레트 열기": false
    }
  },
  "active": "9b98ca8e7df13173",
  "lastOpenFiles": [
    "SSAFY/Algorithm/재귀.md",
    "SSAFY/Front/시험.md",
    "SSAFY/Front",
    "SSAFY/무제 파일 1.md",
    "Pasted image 20230915134517.png",
    "Pasted image 20230915134504.png",
    "무제 파일.canvas",
    "SSAFY/무제 파일.md",
    "SSAFY/Algorithm/알고리즘.md",
    "SSAFY/Algorithm",
    "SSAFY/readme.md",
    "SSAFY/SSAFY.md",
    "필기노트/졸려.md",
    "필기노트/필기노트.md",
    "Context/spacesLastSync.log",
    "Context",
    "SSAFY",
    "2023-09-15.md",
    "필기노트",
    "Untitled.canvas"
  ]
}